userName,password,userId
jUser1,Test@1234,79018ea5-b2d0-4925-83dc-65e7a7963ade
jUser2,Test@1234,c069d3e6-3dd1-4d38-aa67-7300e674b4ca
jUser3,Test@1234,3dfd7ecd-330c-4812-84e1-7d3523b2a850
jUser4,Test@1234,ad9c6fd8-7787-420a-a167-c2f04215afc3
jUser5,Test@1234,243d73d1-3099-4652-a77a-75f2133d75d0
jUser6,Test@1234,25d49b28-24ce-4c06-ad0b-3f6b30050850
jUser7,Test@1234,b219a51d-c821-49f5-8553-e6fd9443cda1
jUser8,Test@1234,5c5de2a3-ef21-41b8-90ac-60080023e041
jUser9,Test@1234,ff75e197-ffff-48fa-96ec-564c76282813
jUser10,Test@1234,b6bc9b0e-c3d8-4b10-94cd-306ae43013b8
